<?xml version="1.0" encoding="utf-8"?>
<annotations>
  <version>1.1</version>
  <meta>
    <task>
      <id>14</id>
      <name>cvat-segment</name>
      <size>100</size>
      <mode>annotation</mode>
      <overlap>0</overlap>
      <bugtracker>https://github.com/Joonkkyo/cvat-annotation/issues</bugtracker>
      <created>2022-03-15 06:21:00.556064+00:00</created>
      <updated>2022-03-18 02:00:14.908166+00:00</updated>
      <subset>Train</subset>
      <start_frame>0</start_frame>
      <stop_frame>99</stop_frame>
      <frame_filter></frame_filter>
      <segments>
        <segment>
          <id>29</id>
          <start>0</start>
          <stop>19</stop>
          <url>httplocalhost:8080/?id=29</url>
        </segment>
        <segment>
          <id>30</id>
          <start>20</start>
          <stop>39</stop>
          <url>httplocalhost:8080/?id=30</url>
        </segment>
        <segment>
          <id>31</id>
          <start>40</start>
          <stop>59</stop>
          <url>httplocalhost:8080/?id=31</url>
        </segment>
        <segment>
          <id>32</id>
          <start>60</start>
          <stop>79</stop>
          <url>httplocalhost:8080/?id=32</url>
        </segment>
        <segment>
          <id>33</id>
          <start>80</start>
          <stop>99</stop>
          <url>httplocalhost:8080/?id=33</url>
        </segment>
      </segments>
      <owner>
        <username>jkseo50</username>
        <email>jkseo50@gmail.com</email>
      </owner>
      <assignee></assignee>
      <labels>
        <label>
          <name>cat</name>
          <color>#6080c0</color>
          <attributes>
          </attributes>
        </label>
      </labels>
    </task>
    <dumped>2022-03-18 02:04:36.207487+00:00</dumped>
  </meta>
  <image id="99" name="cat.99.jpg" width="225" height="175">
    <box label="cat" occluded="0" source="auto" xtl="5.54" ytl="12.11" xbr="106.86" ybr="165.72" z_order="0">
    </box>
    <box label="cat" occluded="0" source="auto" xtl="6.32" ytl="16.03" xbr="200.39" ybr="161.06" z_order="0">
    </box>
  </image>
  <image id="98" name="cat.98.jpg" width="472" height="378">
    <box label="cat" occluded="0" source="auto" xtl="7.21" ytl="20.76" xbr="389.67" ybr="366.57" z_order="0">
    </box>
  </image>
  <image id="97" name="cat.97.jpg" width="499" height="374">
    <box label="cat" occluded="0" source="auto" xtl="0.00" ytl="12.87" xbr="488.11" ybr="367.11" z_order="0">
    </box>
    <box label="cat" occluded="0" source="auto" xtl="0.00" ytl="0.09" xbr="270.42" ybr="350.42" z_order="0">
    </box>
  </image>
  <image id="96" name="cat.96.jpg" width="500" height="374">
    <box label="cat" occluded="0" source="auto" xtl="11.04" ytl="60.67" xbr="381.38" ybr="325.43" z_order="0">
    </box>
  </image>
  <image id="95" name="cat.95.jpg" width="319" height="239">
    <box label="cat" occluded="0" source="auto" xtl="18.85" ytl="19.11" xbr="283.40" ybr="239.00" z_order="0">
    </box>
    <box label="cat" occluded="0" source="auto" xtl="11.67" ytl="13.54" xbr="164.48" ybr="231.85" z_order="0">
    </box>
  </image>
  <image id="94" name="cat.94.jpg" width="349" height="345">
    <box label="cat" occluded="0" source="auto" xtl="9.99" ytl="13.95" xbr="309.51" ybr="331.05" z_order="0">
    </box>
    <box label="cat" occluded="0" source="auto" xtl="7.73" ytl="15.38" xbr="184.12" ybr="302.36" z_order="0">
    </box>
  </image>
  <image id="93" name="cat.93.jpg" width="345" height="346">
    <box label="cat" occluded="0" source="auto" xtl="22.29" ytl="28.64" xbr="327.21" ybr="333.53" z_order="0">
    </box>
    <box label="cat" occluded="0" source="auto" xtl="32.99" ytl="124.41" xbr="265.15" ybr="325.50" z_order="0">
    </box>
  </image>
  <image id="92" name="cat.92.jpg" width="499" height="375">
  </image>
  <image id="91" name="cat.91.jpg" width="499" height="375">
    <box label="cat" occluded="0" source="auto" xtl="40.13" ytl="20.73" xbr="351.04" ybr="374.79" z_order="0">
    </box>
  </image>
  <image id="90" name="cat.90.jpg" width="447" height="336">
    <box label="cat" occluded="0" source="auto" xtl="75.32" ytl="42.09" xbr="169.39" ybr="178.61" z_order="0">
    </box>
    <box label="cat" occluded="0" source="auto" xtl="79.30" ytl="57.79" xbr="354.30" ybr="295.90" z_order="0">
    </box>
  </image>
  <image id="89" name="cat.9.jpg" width="320" height="425">
    <box label="cat" occluded="0" source="auto" xtl="24.33" ytl="0.00" xbr="304.73" ybr="264.08" z_order="0">
    </box>
    <box label="cat" occluded="0" source="auto" xtl="6.96" ytl="309.58" xbr="196.74" ybr="418.76" z_order="0">
    </box>
    <box label="cat" occluded="0" source="auto" xtl="6.95" ytl="9.00" xbr="305.43" ybr="419.01" z_order="0">
    </box>
    <box label="cat" occluded="0" source="auto" xtl="9.16" ytl="154.05" xbr="283.55" ybr="409.07" z_order="0">
    </box>
  </image>
  <image id="88" name="cat.89.jpg" width="499" height="493">
    <box label="cat" occluded="0" source="auto" xtl="8.00" ytl="13.04" xbr="475.73" ybr="482.61" z_order="0">
    </box>
  </image>
  <image id="87" name="cat.88.jpg" width="399" height="267">
    <box label="cat" occluded="0" source="auto" xtl="18.17" ytl="18.49" xbr="179.02" ybr="200.74" z_order="0">
    </box>
    <box label="cat" occluded="0" source="auto" xtl="94.66" ytl="71.31" xbr="340.03" ybr="191.64" z_order="0">
    </box>
    <box label="cat" occluded="0" source="auto" xtl="36.70" ytl="31.94" xbr="352.51" ybr="201.59" z_order="0">
    </box>
  </image>
  <image id="86" name="cat.87.jpg" width="499" height="375">
    <box label="cat" occluded="0" source="auto" xtl="166.17" ytl="70.56" xbr="360.26" ybr="373.26" z_order="0">
    </box>
  </image>
  <image id="85" name="cat.86.jpg" width="499" height="493">
    <box label="cat" occluded="0" source="auto" xtl="35.23" ytl="0.00" xbr="471.69" ybr="475.93" z_order="0">
    </box>
  </image>
  <image id="84" name="cat.85.jpg" width="447" height="336">
    <box label="cat" occluded="0" source="auto" xtl="133.13" ytl="128.85" xbr="433.56" ybr="330.19" z_order="0">
    </box>
    <box label="cat" occluded="0" source="auto" xtl="58.05" ytl="50.93" xbr="445.01" ybr="321.06" z_order="0">
    </box>
  </image>
  <image id="83" name="cat.84.jpg" width="426" height="286">
    <box label="cat" occluded="0" source="auto" xtl="32.68" ytl="49.77" xbr="389.29" ybr="257.06" z_order="0">
    </box>
    <box label="cat" occluded="0" source="auto" xtl="185.27" ytl="58.28" xbr="388.48" ybr="272.03" z_order="0">
    </box>
  </image>
  <image id="82" name="cat.83.jpg" width="498" height="374">
    <box label="cat" occluded="0" source="auto" xtl="50.79" ytl="70.51" xbr="488.19" ybr="359.67" z_order="0">
    </box>
  </image>
  <image id="81" name="cat.82.jpg" width="500" height="332">
    <box label="cat" occluded="0" source="auto" xtl="40.19" ytl="40.95" xbr="413.25" ybr="310.30" z_order="0">
    </box>
    <box label="cat" occluded="0" source="auto" xtl="213.23" ytl="102.76" xbr="403.13" ybr="304.30" z_order="0">
    </box>
  </image>
  <image id="80" name="cat.81.jpg" width="499" height="375">
    <box label="cat" occluded="0" source="auto" xtl="65.01" ytl="61.96" xbr="343.92" ybr="353.31" z_order="0">
    </box>
    <box label="cat" occluded="0" source="auto" xtl="130.87" ytl="47.13" xbr="492.11" ybr="354.41" z_order="0">
    </box>
    <box label="cat" occluded="0" source="auto" xtl="61.34" ytl="120.55" xbr="227.04" ybr="341.31" z_order="0">
    </box>
  </image>
  <image id="79" name="cat.80.jpg" width="319" height="234">
    <box label="cat" occluded="0" source="auto" xtl="23.46" ytl="5.17" xbr="108.95" ybr="116.75" z_order="0">
    </box>
    <box label="cat" occluded="0" source="auto" xtl="16.90" ytl="17.74" xbr="144.14" ybr="189.65" z_order="0">
    </box>
    <box label="cat" occluded="0" source="auto" xtl="62.72" ytl="9.47" xbr="289.60" ybr="219.50" z_order="0">
    </box>
    <box label="cat" occluded="0" source="auto" xtl="27.66" ytl="11.91" xbr="257.97" ybr="131.30" z_order="0">
    </box>
  </image>
  <image id="78" name="cat.8.jpg" width="461" height="345">
    <box label="cat" occluded="0" source="auto" xtl="92.37" ytl="91.46" xbr="254.48" ybr="275.09" z_order="0">
    </box>
    <box label="cat" occluded="0" source="auto" xtl="208.37" ytl="71.75" xbr="433.68" ybr="324.48" z_order="0">
    </box>
    <box label="cat" occluded="0" source="auto" xtl="71.17" ytl="77.61" xbr="410.18" ybr="340.68" z_order="0">
    </box>
    <box label="cat" occluded="0" source="auto" xtl="30.98" ytl="83.08" xbr="310.81" ybr="327.90" z_order="0">
    </box>
  </image>
  <image id="77" name="cat.79.jpg" width="499" height="346">
    <box label="cat" occluded="0" source="auto" xtl="39.50" ytl="13.15" xbr="448.58" ybr="328.70" z_order="0">
    </box>
    <box label="cat" occluded="0" source="auto" xtl="183.93" ytl="53.32" xbr="493.49" ybr="334.03" z_order="0">
    </box>
  </image>
  <image id="76" name="cat.78.jpg" width="499" height="499">
    <box label="cat" occluded="0" source="auto" xtl="47.59" ytl="21.00" xbr="484.78" ybr="483.33" z_order="0">
    </box>
  </image>
  <image id="75" name="cat.77.jpg" width="350" height="232">
    <box label="cat" occluded="0" source="auto" xtl="44.57" ytl="52.59" xbr="302.55" ybr="218.15" z_order="0">
    </box>
  </image>
  <image id="74" name="cat.76.jpg" width="499" height="258">
    <box label="cat" occluded="0" source="auto" xtl="32.60" ytl="39.05" xbr="327.54" ybr="239.30" z_order="0">
    </box>
    <box label="cat" occluded="0" source="auto" xtl="186.27" ytl="9.58" xbr="481.00" ybr="246.48" z_order="0">
    </box>
    <box label="cat" occluded="0" source="auto" xtl="17.29" ytl="28.21" xbr="483.06" ybr="240.15" z_order="0">
    </box>
    <box label="cat" occluded="0" source="auto" xtl="5.44" ytl="57.27" xbr="203.61" ybr="221.44" z_order="0">
    </box>
  </image>
  <image id="73" name="cat.75.jpg" width="495" height="396">
    <box label="cat" occluded="0" source="auto" xtl="143.89" ytl="105.27" xbr="483.09" ybr="379.61" z_order="0">
    </box>
    <box label="cat" occluded="0" source="auto" xtl="21.49" ytl="43.20" xbr="491.94" ybr="383.95" z_order="0">
    </box>
  </image>
  <image id="72" name="cat.74.jpg" width="200" height="186">
    <box label="cat" occluded="0" source="auto" xtl="15.23" ytl="0.85" xbr="166.76" ybr="169.26" z_order="0">
    </box>
  </image>
  <image id="71" name="cat.73.jpg" width="499" height="375">
    <box label="cat" occluded="0" source="auto" xtl="32.99" ytl="3.76" xbr="232.49" ybr="371.96" z_order="0">
    </box>
    <box label="cat" occluded="0" source="auto" xtl="38.43" ytl="1.16" xbr="392.88" ybr="375.00" z_order="0">
    </box>
  </image>
  <image id="70" name="cat.72.jpg" width="480" height="332">
    <box label="cat" occluded="0" source="auto" xtl="42.21" ytl="19.52" xbr="374.68" ybr="280.74" z_order="0">
    </box>
  </image>
  <image id="69" name="cat.71.jpg" width="499" height="417">
    <box label="cat" occluded="0" source="auto" xtl="146.90" ytl="92.95" xbr="476.96" ybr="416.57" z_order="0">
    </box>
    <box label="cat" occluded="0" source="auto" xtl="4.53" ytl="2.63" xbr="441.61" ybr="409.36" z_order="0">
    </box>
    <box label="cat" occluded="0" source="auto" xtl="17.12" ytl="11.34" xbr="274.40" ybr="380.30" z_order="0">
    </box>
  </image>
  <image id="68" name="cat.70.jpg" width="499" height="375">
    <box label="cat" occluded="0" source="auto" xtl="54.14" ytl="0.00" xbr="477.60" ybr="366.44" z_order="0">
    </box>
  </image>
  <image id="67" name="cat.7.jpg" width="495" height="499">
    <box label="cat" occluded="0" source="auto" xtl="154.58" ytl="2.91" xbr="484.15" ybr="497.58" z_order="0">
    </box>
  </image>
  <image id="66" name="cat.69.jpg" width="500" height="374">
    <box label="cat" occluded="0" source="auto" xtl="0.00" ytl="2.44" xbr="500.00" ybr="374.00" z_order="0">
    </box>
    <box label="cat" occluded="0" source="auto" xtl="159.63" ytl="32.21" xbr="500.00" ybr="353.87" z_order="0">
    </box>
    <box label="cat" occluded="0" source="auto" xtl="6.86" ytl="0.00" xbr="248.04" ybr="350.36" z_order="0">
    </box>
  </image>
  <image id="65" name="cat.68.jpg" width="249" height="181">
    <box label="cat" occluded="0" source="auto" xtl="74.27" ytl="19.57" xbr="243.83" ybr="166.74" z_order="0">
    </box>
    <box label="cat" occluded="0" source="auto" xtl="6.16" ytl="40.79" xbr="195.01" ybr="168.87" z_order="0">
    </box>
  </image>
  <image id="64" name="cat.67.jpg" width="500" height="374">
    <box label="cat" occluded="0" source="auto" xtl="107.15" ytl="85.43" xbr="452.61" ybr="260.28" z_order="0">
    </box>
  </image>
  <image id="63" name="cat.66.jpg" width="499" height="382">
    <box label="cat" occluded="0" source="auto" xtl="192.26" ytl="16.17" xbr="464.46" ybr="374.60" z_order="0">
    </box>
    <box label="cat" occluded="0" source="auto" xtl="25.57" ytl="19.59" xbr="475.00" ybr="365.19" z_order="0">
    </box>
    <box label="cat" occluded="0" source="auto" xtl="12.89" ytl="55.73" xbr="394.20" ybr="309.80" z_order="0">
    </box>
  </image>
  <image id="62" name="cat.65.jpg" width="499" height="375">
    <box label="cat" occluded="0" source="auto" xtl="0.00" ytl="177.82" xbr="337.82" ybr="373.58" z_order="0">
    </box>
    <box label="cat" occluded="0" source="auto" xtl="4.05" ytl="211.49" xbr="101.49" ybr="370.48" z_order="0">
    </box>
    <box label="cat" occluded="0" source="auto" xtl="35.68" ytl="3.21" xbr="468.43" ybr="223.42" z_order="0">
    </box>
    <box label="cat" occluded="0" source="auto" xtl="15.25" ytl="45.34" xbr="352.32" ybr="375.00" z_order="0">
    </box>
    <box label="cat" occluded="0" source="auto" xtl="65.34" ytl="1.75" xbr="499.00" ybr="363.53" z_order="0">
    </box>
  </image>
  <image id="61" name="cat.64.jpg" width="500" height="374">
    <box label="cat" occluded="0" source="auto" xtl="0.00" ytl="4.01" xbr="483.33" ybr="354.52" z_order="0">
    </box>
    <box label="cat" occluded="0" source="auto" xtl="5.16" ytl="26.36" xbr="282.24" ybr="359.80" z_order="0">
    </box>
  </image>
  <image id="60" name="cat.63.jpg" width="500" height="374">
    <box label="cat" occluded="0" source="auto" xtl="8.87" ytl="26.84" xbr="384.67" ybr="361.86" z_order="0">
    </box>
  </image>
  <image id="59" name="cat.62.jpg" width="500" height="377">
    <box label="cat" occluded="0" source="auto" xtl="115.73" ytl="19.55" xbr="432.39" ybr="231.97" z_order="0">
    </box>
    <box label="cat" occluded="0" source="auto" xtl="104.19" ytl="15.23" xbr="301.55" ybr="229.81" z_order="0">
    </box>
    <box label="cat" occluded="0" source="auto" xtl="59.07" ytl="15.05" xbr="392.05" ybr="288.75" z_order="0">
    </box>
  </image>
  <image id="58" name="cat.61.jpg" width="328" height="226">
    <box label="cat" occluded="0" source="auto" xtl="14.90" ytl="19.95" xbr="270.56" ybr="218.68" z_order="0">
    </box>
    <box label="cat" occluded="0" source="auto" xtl="112.63" ytl="23.47" xbr="289.56" ybr="203.23" z_order="0">
    </box>
    <box label="cat" occluded="0" source="auto" xtl="153.44" ytl="25.15" xbr="302.71" ybr="170.22" z_order="0">
    </box>
  </image>
  <image id="57" name="cat.60.jpg" width="180" height="176">
    <box label="cat" occluded="0" source="auto" xtl="0.30" ytl="3.04" xbr="161.14" ybr="161.62" z_order="0">
    </box>
  </image>
  <image id="56" name="cat.6.jpg" width="400" height="303">
    <box label="cat" occluded="0" source="auto" xtl="72.48" ytl="120.56" xbr="179.75" ybr="227.02" z_order="0">
    </box>
  </image>
  <image id="55" name="cat.59.jpg" width="464" height="331">
    <box label="cat" occluded="0" source="auto" xtl="69.48" ytl="18.71" xbr="426.22" ybr="330.82" z_order="0">
    </box>
  </image>
  <image id="54" name="cat.58.jpg" width="499" height="375">
    <box label="cat" occluded="0" source="auto" xtl="164.40" ytl="41.48" xbr="352.73" ybr="318.87" z_order="0">
    </box>
  </image>
  <image id="53" name="cat.57.jpg" width="335" height="291">
    <box label="cat" occluded="0" source="auto" xtl="21.53" ytl="0.00" xbr="182.85" ybr="291.00" z_order="0">
    </box>
    <box label="cat" occluded="0" source="auto" xtl="9.57" ytl="8.22" xbr="327.33" ybr="286.69" z_order="0">
    </box>
    <box label="cat" occluded="0" source="auto" xtl="93.23" ytl="84.21" xbr="324.61" ybr="279.14" z_order="0">
    </box>
  </image>
  <image id="52" name="cat.56.jpg" width="499" height="332">
    <box label="cat" occluded="0" source="auto" xtl="162.80" ytl="70.90" xbr="487.94" ybr="312.40" z_order="0">
    </box>
    <box label="cat" occluded="0" source="auto" xtl="3.02" ytl="21.61" xbr="479.03" ybr="328.03" z_order="0">
    </box>
  </image>
  <image id="51" name="cat.55.jpg" width="344" height="500">
    <box label="cat" occluded="0" source="auto" xtl="2.89" ytl="3.16" xbr="312.07" ybr="500.00" z_order="0">
    </box>
  </image>
  <image id="50" name="cat.54.jpg" width="500" height="499">
    <box label="cat" occluded="0" source="auto" xtl="0.00" ytl="0.00" xbr="500.00" ybr="482.84" z_order="0">
    </box>
  </image>
  <image id="49" name="cat.53.jpg" width="492" height="457">
    <box label="cat" occluded="0" source="auto" xtl="167.83" ytl="13.49" xbr="467.10" ybr="416.96" z_order="0">
    </box>
    <box label="cat" occluded="0" source="auto" xtl="10.43" ytl="7.41" xbr="444.74" ybr="457.00" z_order="0">
    </box>
  </image>
  <image id="48" name="cat.52.jpg" width="399" height="300">
    <box label="cat" occluded="0" source="auto" xtl="34.36" ytl="19.07" xbr="339.92" ybr="295.32" z_order="0">
    </box>
  </image>
  <image id="47" name="cat.51.jpg" width="256" height="473">
    <box label="cat" occluded="0" source="auto" xtl="35.55" ytl="25.52" xbr="235.03" ybr="325.54" z_order="0">
    </box>
    <box label="cat" occluded="0" source="auto" xtl="62.64" ytl="4.81" xbr="241.28" ybr="444.18" z_order="0">
    </box>
    <box label="cat" occluded="0" source="auto" xtl="14.73" ytl="15.60" xbr="186.41" ybr="406.25" z_order="0">
    </box>
    <box label="cat" occluded="0" source="auto" xtl="133.48" ytl="6.50" xbr="226.65" ybr="78.71" z_order="0">
    </box>
  </image>
  <image id="46" name="cat.50.jpg" width="299" height="196">
    <box label="cat" occluded="0" source="auto" xtl="0.97" ytl="71.77" xbr="178.94" ybr="186.99" z_order="0">
    </box>
    <box label="cat" occluded="0" source="auto" xtl="98.99" ytl="7.59" xbr="299.00" ybr="180.90" z_order="0">
    </box>
    <box label="cat" occluded="0" source="auto" xtl="0.00" ytl="35.96" xbr="242.10" ybr="183.89" z_order="0">
    </box>
  </image>
  <image id="45" name="cat.5.jpg" width="175" height="144">
    <box label="cat" occluded="0" source="auto" xtl="63.38" ytl="55.03" xbr="118.74" ybr="117.14" z_order="0">
    </box>
    <box label="cat" occluded="0" source="auto" xtl="25.47" ytl="52.51" xbr="118.65" ybr="114.05" z_order="0">
    </box>
  </image>
  <image id="44" name="cat.49.jpg" width="180" height="129">
    <box label="cat" occluded="0" source="auto" xtl="13.68" ytl="6.97" xbr="101.74" ybr="102.30" z_order="0">
    </box>
    <box label="cat" occluded="0" source="auto" xtl="19.62" ytl="11.60" xbr="171.11" ybr="70.42" z_order="0">
    </box>
    <box label="cat" occluded="0" source="auto" xtl="10.37" ytl="7.98" xbr="165.77" ybr="109.76" z_order="0">
    </box>
  </image>
  <image id="43" name="cat.48.jpg" width="139" height="93">
    <box label="cat" occluded="0" source="auto" xtl="8.66" ytl="5.17" xbr="102.41" ybr="60.50" z_order="0">
    </box>
    <box label="cat" occluded="0" source="auto" xtl="48.35" ytl="9.00" xbr="103.54" ybr="58.33" z_order="0">
    </box>
  </image>
  <image id="42" name="cat.47.jpg" width="258" height="214">
    <box label="cat" occluded="0" source="auto" xtl="5.16" ytl="7.44" xbr="254.80" ybr="193.67" z_order="0">
    </box>
    <box label="cat" occluded="0" source="auto" xtl="2.76" ytl="5.02" xbr="111.72" ybr="173.47" z_order="0">
    </box>
  </image>
  <image id="41" name="cat.46.jpg" width="400" height="433">
    <box label="cat" occluded="0" source="auto" xtl="51.32" ytl="64.55" xbr="367.89" ybr="413.80" z_order="0">
    </box>
  </image>
  <image id="40" name="cat.45.jpg" width="500" height="370">
    <box label="cat" occluded="0" source="auto" xtl="267.53" ytl="76.10" xbr="403.65" ybr="359.74" z_order="0">
    </box>
    <box label="cat" occluded="0" source="auto" xtl="70.57" ytl="45.53" xbr="346.66" ybr="320.77" z_order="0">
    </box>
    <box label="cat" occluded="0" source="auto" xtl="54.55" ytl="31.14" xbr="320.23" ybr="230.66" z_order="0">
    </box>
    <box label="cat" occluded="0" source="auto" xtl="141.06" ytl="72.75" xbr="325.90" ybr="249.24" z_order="0">
    </box>
  </image>
  <image id="39" name="cat.44.jpg" width="107" height="102">
  </image>
  <image id="38" name="cat.43.jpg" width="356" height="500">
    <box label="cat" occluded="0" source="auto" xtl="118.98" ytl="170.70" xbr="307.49" ybr="493.77" z_order="0">
    </box>
  </image>
  <image id="37" name="cat.42.jpg" width="237" height="173">
    <box label="cat" occluded="0" source="auto" xtl="9.54" ytl="8.98" xbr="142.46" ybr="163.03" z_order="0">
    </box>
    <box label="cat" occluded="0" source="auto" xtl="0.24" ytl="8.12" xbr="227.66" ybr="160.76" z_order="0">
    </box>
  </image>
  <image id="36" name="cat.41.jpg" width="333" height="499">
    <box label="cat" occluded="0" source="auto" xtl="0.00" ytl="95.08" xbr="319.55" ybr="469.70" z_order="0">
    </box>
  </image>
  <image id="35" name="cat.40.jpg" width="499" height="383">
    <box label="cat" occluded="0" source="auto" xtl="4.94" ytl="0.00" xbr="414.32" ybr="374.86" z_order="0">
    </box>
  </image>
  <image id="34" name="cat.4.jpg" width="499" height="375">
    <box label="cat" occluded="0" source="auto" xtl="101.46" ytl="45.68" xbr="484.47" ybr="354.60" z_order="0">
    </box>
  </image>
  <image id="33" name="cat.39.jpg" width="374" height="500">
    <box label="cat" occluded="0" source="auto" xtl="2.65" ytl="0.00" xbr="185.02" ybr="485.20" z_order="0">
    </box>
    <box label="cat" occluded="0" source="auto" xtl="48.37" ytl="14.12" xbr="369.04" ybr="500.00" z_order="0">
    </box>
    <box label="cat" occluded="0" source="auto" xtl="32.19" ytl="192.00" xbr="341.81" ybr="497.74" z_order="0">
    </box>
    <box label="cat" occluded="0" source="auto" xtl="93.13" ytl="7.43" xbr="374.00" ybr="330.87" z_order="0">
    </box>
  </image>
  <image id="32" name="cat.38.jpg" width="350" height="337">
    <box label="cat" occluded="0" source="auto" xtl="14.28" ytl="9.48" xbr="337.50" ybr="322.74" z_order="0">
    </box>
  </image>
  <image id="31" name="cat.37.jpg" width="499" height="337">
    <box label="cat" occluded="0" source="auto" xtl="325.06" ytl="228.12" xbr="499.00" ybr="330.96" z_order="0">
    </box>
    <box label="cat" occluded="0" source="auto" xtl="6.57" ytl="12.85" xbr="207.74" ybr="333.67" z_order="0">
    </box>
    <box label="cat" occluded="0" source="auto" xtl="85.01" ytl="57.97" xbr="469.59" ybr="337.00" z_order="0">
    </box>
    <box label="cat" occluded="0" source="auto" xtl="16.33" ytl="20.08" xbr="356.53" ybr="337.00" z_order="0">
    </box>
  </image>
  <image id="30" name="cat.36.jpg" width="500" height="311">
    <box label="cat" occluded="0" source="auto" xtl="64.42" ytl="73.02" xbr="500.00" ybr="259.83" z_order="0">
    </box>
  </image>
  <image id="29" name="cat.35.jpg" width="499" height="426">
    <box label="cat" occluded="0" source="auto" xtl="27.40" ytl="24.84" xbr="495.44" ybr="398.58" z_order="0">
    </box>
    <box label="cat" occluded="0" source="auto" xtl="19.73" ytl="52.74" xbr="218.59" ybr="277.45" z_order="0">
    </box>
    <box label="cat" occluded="0" source="auto" xtl="14.20" ytl="52.52" xbr="289.63" ybr="377.89" z_order="0">
    </box>
  </image>
  <image id="28" name="cat.34.jpg" width="375" height="499">
    <box label="cat" occluded="0" source="auto" xtl="77.08" ytl="51.60" xbr="281.45" ybr="488.64" z_order="0">
    </box>
  </image>
  <image id="27" name="cat.33.jpg" width="499" height="375">
    <box label="cat" occluded="0" source="auto" xtl="174.66" ytl="87.97" xbr="385.62" ybr="375.00" z_order="0">
    </box>
  </image>
  <image id="26" name="cat.32.jpg" width="500" height="374">
    <box label="cat" occluded="0" source="auto" xtl="0.00" ytl="98.94" xbr="435.93" ybr="317.91" z_order="0">
    </box>
  </image>
  <image id="25" name="cat.31.jpg" width="500" height="374">
    <box label="cat" occluded="0" source="auto" xtl="73.86" ytl="24.93" xbr="489.12" ybr="324.78" z_order="0">
    </box>
    <box label="cat" occluded="0" source="auto" xtl="28.62" ytl="21.43" xbr="342.87" ybr="281.30" z_order="0">
    </box>
  </image>
  <image id="24" name="cat.30.jpg" width="349" height="262">
    <box label="cat" occluded="0" source="auto" xtl="33.70" ytl="30.35" xbr="293.11" ybr="244.71" z_order="0">
    </box>
    <box label="cat" occluded="0" source="auto" xtl="32.48" ytl="16.98" xbr="271.91" ybr="164.06" z_order="0">
    </box>
  </image>
  <image id="23" name="cat.3.jpg" width="500" height="414">
    <box label="cat" occluded="0" source="auto" xtl="3.79" ytl="4.97" xbr="480.76" ybr="395.18" z_order="0">
    </box>
  </image>
  <image id="22" name="cat.29.jpg" width="499" height="375">
    <box label="cat" occluded="0" source="auto" xtl="6.78" ytl="42.73" xbr="309.34" ybr="373.11" z_order="0">
    </box>
    <box label="cat" occluded="0" source="auto" xtl="21.21" ytl="10.21" xbr="480.30" ybr="375.00" z_order="0">
    </box>
  </image>
  <image id="21" name="cat.28.jpg" width="286" height="270">
    <box label="cat" occluded="0" source="auto" xtl="7.35" ytl="36.41" xbr="280.07" ybr="265.05" z_order="0">
    </box>
  </image>
  <image id="20" name="cat.27.jpg" width="370" height="479">
    <box label="cat" occluded="0" source="auto" xtl="37.53" ytl="174.61" xbr="265.74" ybr="477.21" z_order="0">
    </box>
    <box label="cat" occluded="0" source="auto" xtl="48.03" ytl="80.95" xbr="297.96" ybr="442.78" z_order="0">
    </box>
    <box label="cat" occluded="0" source="auto" xtl="123.56" ytl="63.20" xbr="312.45" ybr="290.69" z_order="0">
    </box>
  </image>
  <image id="19" name="cat.26.jpg" width="500" height="374">
    <box label="cat" occluded="0" source="manual" xtl="64.81" ytl="59.38" xbr="238.76" ybr="197.95" z_order="0">
    </box>
  </image>
  <image id="18" name="cat.25.jpg" width="345" height="500">
    <box label="cat" occluded="0" source="auto" xtl="94.36" ytl="33.30" xbr="321.87" ybr="363.38" z_order="0">
    </box>
  </image>
  <image id="17" name="cat.24.jpg" width="500" height="374">
    <box label="cat" occluded="0" source="manual" xtl="8.75" ytl="58.46" xbr="425.70" ybr="312.10" z_order="0">
    </box>
  </image>
  <image id="16" name="cat.23.jpg" width="334" height="256">
    <box label="cat" occluded="0" source="auto" xtl="128.52" ytl="25.89" xbr="254.82" ybr="183.79" z_order="0">
    </box>
  </image>
  <image id="15" name="cat.22.jpg" width="500" height="345">
    <box label="cat" occluded="0" source="auto" xtl="16.86" ytl="22.52" xbr="470.10" ybr="345.00" z_order="0">
    </box>
    <box label="cat" occluded="0" source="auto" xtl="7.95" ytl="16.44" xbr="160.15" ybr="329.75" z_order="0">
    </box>
    <box label="cat" occluded="0" source="auto" xtl="4.37" ytl="22.83" xbr="298.52" ybr="333.87" z_order="0">
    </box>
  </image>
  <image id="14" name="cat.21.jpg" width="431" height="499">
    <box label="cat" occluded="0" source="auto" xtl="58.28" ytl="50.64" xbr="412.48" ybr="494.46" z_order="0">
    </box>
    <box label="cat" occluded="0" source="auto" xtl="265.25" ytl="56.51" xbr="396.26" ybr="184.52" z_order="0">
    </box>
  </image>
  <image id="13" name="cat.20.jpg" width="500" height="374">
    <box label="cat" occluded="0" source="auto" xtl="0.85" ytl="81.50" xbr="406.37" ybr="296.02" z_order="0">
    </box>
  </image>
  <image id="12" name="cat.2.jpg" width="312" height="396">
    <box label="cat" occluded="0" source="auto" xtl="44.57" ytl="25.97" xbr="238.38" ybr="280.80" z_order="0">
    </box>
    <box label="cat" occluded="0" source="auto" xtl="43.21" ytl="18.56" xbr="284.10" ybr="396.00" z_order="0">
    </box>
  </image>
  <image id="11" name="cat.19.jpg" width="320" height="223">
    <box label="cat" occluded="0" source="auto" xtl="183.38" ytl="34.82" xbr="291.81" ybr="142.40" z_order="0">
    </box>
    <box label="cat" occluded="0" source="auto" xtl="73.86" ytl="25.62" xbr="260.03" ybr="220.10" z_order="0">
    </box>
    <box label="cat" occluded="0" source="auto" xtl="3.07" ytl="15.29" xbr="225.03" ybr="207.76" z_order="0">
    </box>
    <box label="cat" occluded="0" source="auto" xtl="2.85" ytl="25.41" xbr="106.38" ybr="135.18" z_order="0">
    </box>
    <box label="cat" occluded="0" source="auto" xtl="123.67" ytl="37.73" xbr="288.36" ybr="221.49" z_order="0">
    </box>
  </image>
  <image id="10" name="cat.18.jpg" width="500" height="374">
    <box label="cat" occluded="0" source="auto" xtl="66.53" ytl="0.00" xbr="443.23" ybr="332.07" z_order="0">
    </box>
    <box label="cat" occluded="0" source="auto" xtl="37.07" ytl="1.20" xbr="444.22" ybr="208.31" z_order="0">
    </box>
  </image>
  <image id="9" name="cat.17.jpg" width="499" height="375">
    <box label="cat" occluded="0" source="auto" xtl="0.00" ytl="29.28" xbr="352.77" ybr="360.16" z_order="0">
    </box>
    <box label="cat" occluded="0" source="auto" xtl="103.10" ytl="25.52" xbr="417.22" ybr="365.26" z_order="0">
    </box>
  </image>
  <image id="8" name="cat.16.jpg" width="448" height="258">
    <box label="cat" occluded="0" source="auto" xtl="74.88" ytl="44.07" xbr="424.64" ybr="231.76" z_order="0">
    </box>
    <box label="cat" occluded="0" source="auto" xtl="44.98" ytl="45.55" xbr="287.66" ybr="225.01" z_order="0">
    </box>
    <box label="cat" occluded="0" source="auto" xtl="25.98" ytl="48.02" xbr="172.54" ybr="197.51" z_order="0">
    </box>
  </image>
  <image id="7" name="cat.15.jpg" width="405" height="353">
    <box label="cat" occluded="0" source="auto" xtl="277.60" ytl="16.46" xbr="394.28" ybr="212.39" z_order="0">
    </box>
    <box label="cat" occluded="0" source="auto" xtl="62.48" ytl="21.99" xbr="391.17" ybr="348.76" z_order="0">
    </box>
    <box label="cat" occluded="0" source="auto" xtl="141.80" ytl="13.73" xbr="398.67" ybr="200.14" z_order="0">
    </box>
    <box label="cat" occluded="0" source="auto" xtl="270.71" ytl="5.98" xbr="390.42" ybr="142.45" z_order="0">
    </box>
    <box label="cat" occluded="0" source="auto" xtl="250.95" ytl="2.72" xbr="390.54" ybr="339.21" z_order="0">
    </box>
  </image>
  <image id="6" name="cat.14.jpg" width="320" height="267">
    <box label="cat" occluded="0" source="auto" xtl="0.00" ytl="99.25" xbr="283.85" ybr="261.81" z_order="0">
    </box>
    <box label="cat" occluded="0" source="auto" xtl="18.69" ytl="18.80" xbr="297.35" ybr="259.26" z_order="0">
    </box>
  </image>
  <image id="5" name="cat.13.jpg" width="499" height="315">
    <box label="cat" occluded="0" source="auto" xtl="0.00" ytl="9.96" xbr="499.00" ybr="298.43" z_order="0">
    </box>
    <box label="cat" occluded="0" source="auto" xtl="17.17" ytl="17.53" xbr="319.76" ybr="303.45" z_order="0">
    </box>
  </image>
  <image id="4" name="cat.12.jpg" width="300" height="224">
    <box label="cat" occluded="0" source="auto" xtl="10.96" ytl="18.76" xbr="193.34" ybr="208.96" z_order="0">
    </box>
    <box label="cat" occluded="0" source="auto" xtl="38.94" ytl="16.98" xbr="274.42" ybr="205.67" z_order="0">
    </box>
  </image>
  <image id="3" name="cat.11.jpg" width="431" height="410">
    <box label="cat" occluded="0" source="auto" xtl="123.69" ytl="6.42" xbr="376.84" ybr="379.99" z_order="0">
    </box>
    <box label="cat" occluded="0" source="auto" xtl="19.88" ytl="87.70" xbr="375.23" ybr="390.13" z_order="0">
    </box>
  </image>
  <image id="2" name="cat.100.jpg" width="403" height="499">
    <box label="cat" occluded="0" source="auto" xtl="36.58" ytl="16.61" xbr="391.59" ybr="263.37" z_order="0">
    </box>
    <box label="cat" occluded="0" source="auto" xtl="28.74" ytl="15.39" xbr="363.09" ybr="499.00" z_order="0">
    </box>
  </image>
  <image id="1" name="cat.10.jpg" width="489" height="499">
    <box label="cat" occluded="0" source="auto" xtl="8.47" ytl="35.73" xbr="456.86" ybr="499.00" z_order="0">
    </box>
  </image>
  <image id="0" name="cat.1.jpg" width="300" height="280">
    <box label="cat" occluded="0" source="auto" xtl="49.09" ytl="32.93" xbr="294.12" ybr="270.32" z_order="0">
    </box>
  </image>
</annotations>
